{
	"Themes": {
		"Acid": {"Text": [200, 255, 200], "Main": [50, 200, 50], "Back": [27, 35, 20]},
		"Crimson chaos": {"Text": [255, 200, 200], "Main": [255, 0, 0], "Back": [35, 20, 20]},
		"Default": {"Text": [255, 255, 255], "Main": [170, 0, 255], "Back": [35, 35, 35]},
		"What is love?": {"Text": [255, 175, 255], "Main": [255, 100, 255], "Back": [35, 20, 35]},
		"Light": {"Text": [0, 0, 0], "Main": [100, 100, 100], "Back": [255, 255, 255]},
		"Ocean Breeze": {"Text": [255, 255, 255], "Main": [0, 105, 148], "Back": [0, 54, 105]},
		"Sunset Glow": {"Text": [255, 255, 255], "Main": [255, 94, 77], "Back": [150, 100, 50]},
		"Forest Whisper": {"Text": [255, 255, 255], "Main": [34, 139, 34], "Back": [60, 179, 113]},
		"Galaxy": {"Text": [255, 255, 255], "Main": [100, 0, 130], "Back": [25, 25, 69]},
		"Pastel Dreams": {"Text": [0, 0, 0], "Main": [255, 182, 193], "Back": [240, 248, 255]},
		"Vintage": {"Text": [0, 0, 0], "Main": [139, 69, 19], "Back": [255, 228, 196]},
		"Cyberpunk": {"Text": [255, 255, 255], "Main": [0, 255, 255], "Back": [50, 0, 50]},
		"N4RK0SH4": {"Text": [255, 0, 0], "Main": [0, 255, 0], "Back": [0, 0, 255]},
		"Neon": {"Text": [255, 0, 0], "Main": [255, 50, 0], "Back": [25, 0, 25]},
		"Autumn Leaves": {"Text": [255, 255, 255], "Main": [255, 140, 0], "Back": [150, 75, 0]},
		"Fire Hub": {"Text": [255, 255, 255], "Main": [255, 85, 0], "Back": [35, 35, 35]}
	},
	"Patterns": {
		"Custom": "",
		"Checkers pattern": "rbxassetid://15562720000",
		"Rounded corner pattern": "rbxassetid://846693570",
		"Stripes": "rbxassetid://87577631610763"
	}
}
